timestamp,atm_1,atm_7,atm_14,atm_30,atm_60,atm_90,atm_180,atm_365,call10_1,call10_7,call10_14,call10_30,call10_60,call10_90,call10_180,call10_365,call25_1,call25_7,call25_14,call25_30,call25_60,call25_90,call25_180,call25_365,call35_1,call35_7,call35_14,call35_30,call35_60,call35_90,call35_180,call35_365,put10_1,put10_7,put10_14,put10_30,put10_60,put10_90,put10_180,put10_365,put25_1,put25_7,put25_14,put25_30,put25_60,put25_90,put25_180,put25_365,put35_1,put35_7,put35_14,put35_30,put35_60,put35_90,put35_180,put35_365
2026-08-18T00:00:00+00:00,0.3422,0.359357,0.368143,0.401914,0.427431,0.4392,0.4545,0.4545,0.5362,0.447786,0.416257,0.446486,0.468925,0.478914,0.4919,0.4919,0.4422,0.362114,0.372786,0.404329,0.429964,0.443414,0.4609,0.4609,0.4422,0.357343,0.3606,0.3966,0.42207,0.432257,0.4455,0.4455,0.4636,0.4482,0.462843,0.480614,0.497841,0.509214,0.524,0.524,0.3719,0.394643,0.405357,0.436386,0.458984,0.468643,0.4812,0.4812,0.3719,0.366286,0.3803,0.4139,0.438992,0.4503,0.465,0.465
2026-08-19T00:00:00+00:00,0.3698,0.361957,0.373271,0.4071,0.431353,0.443682,0.4593,0.4593,0.4526,0.433357,0.437475,0.451475,0.465991,0.476936,0.4908,0.4908,0.3877,0.370314,0.377346,0.405975,0.429115,0.442962,0.4605,0.4605,0.3698,0.376029,0.383757,0.4073,0.427154,0.439615,0.4554,0.4554,0.3972,0.4362,0.457825,0.482225,0.501089,0.51177,0.5253,0.5253,0.3675,0.375243,0.388025,0.426825,0.452874,0.464709,0.4797,0.4797,0.3675,0.377514,0.390007,0.41435,0.435211,0.44853,0.4654,0.4654
2026-08-20T00:00:00+00:00,0.6737,0.5921,0.572457,0.556343,0.534265,0.514221,0.4895,0.4895,0.8318,0.742914,0.702621,0.634679,0.591714,0.569857,0.5429,0.5429,0.7048,0.626286,0.602486,0.573914,0.5488,0.5308,0.5086,0.5086,0.6613,0.6025,0.583957,0.560643,0.538238,0.521162,0.5001,0.5001,0.8638,0.754086,0.710557,0.643243,0.603943,0.586371,0.5647,0.5647,0.6934,0.655686,0.631636,0.584264,0.551863,0.533566,0.511,0.511,0.686,0.612371,0.591314,0.567886,0.5423,0.5213,0.4954,0.4954
2026-08-21T00:00:00+00:00,0.6551,0.6409,0.6302,0.622352,0.610285,0.598746,0.5849,0.5849,0.7583,0.7711,0.7381,0.741224,0.725112,0.704607,0.68,0.68,0.6949,0.6831,0.6729,0.668633,0.650432,0.63019,0.6059,0.6059,0.6763,0.6201,0.6539,0.643843,0.629958,0.617068,0.6016,0.6016,0.756,0.7205,0.7067,0.707462,0.69237,0.673975,0.6519,0.6519,0.6936,0.6702,0.6655,0.650643,0.629516,0.609736,0.586,0.586,0.6665,0.6423,0.649,0.632238,0.617467,0.606027,0.5923,0.5923
2026-08-22T00:00:00+00:00,0.5991,0.661014,0.623962,0.576952,0.551629,0.535969,0.5177,0.5177,0.8353,0.881557,0.817443,0.755729,0.719329,0.695131,0.6669,0.6669,0.7105,0.758271,0.697543,0.640629,0.609714,0.590462,0.568,0.568,0.6192,0.700729,0.66851,0.611062,0.582529,0.566177,0.5471,0.5471,0.5591,0.668271,0.673557,0.664871,0.6405,0.614885,0.585,0.585,0.5482,0.647429,0.622833,0.591367,0.568614,0.551438,0.5314,0.5314,0.557,0.652629,0.618014,0.579843,0.555786,0.539038,0.5195,0.5195
2026-08-23T00:00:00+00:00,0.8104,0.797671,0.744805,0.694443,0.658623,0.629315,0.5961,0.5961,0.9343,1.089657,0.94181,0.837886,0.801221,0.782133,0.7605,0.7605,0.8428,0.899843,0.836171,0.755943,0.717727,0.69198,0.6628,0.6628,0.8279,0.854557,0.796314,0.733229,0.697219,0.670351,0.6399,0.6399,0.8103,0.810214,0.767524,0.755714,0.71751,0.677521,0.6322,0.6322,0.7895,0.777114,0.730971,0.703543,0.670836,0.64021,0.6055,0.6055,0.7885,0.773286,0.728867,0.6958,0.662155,0.63166,0.5971,0.5971
2026-08-24T00:00:00+00:00,1.108,0.804371,0.723357,0.701795,0.673131,0.645307,0.6147,0.6147,1.414,1.058271,0.836086,0.85521,0.826246,0.792653,0.7557,0.7557,1.2292,0.909086,0.796243,0.750605,0.7193,0.691871,0.6617,0.6617,1.1906,0.862414,0.783329,0.737614,0.708023,0.682441,0.6543,0.6543,1.0909,0.884286,0.7775,0.853767,0.814131,0.761449,0.7035,0.7035,1.0909,0.8263,0.745214,0.73089,0.708731,0.686907,0.6629,0.6629,1.0909,0.813729,0.739786,0.71571,0.663038,0.60983,0.5513,0.5513
2026-08-25T00:00:00+00:00,1.0388,0.775986,0.727519,0.701995,0.681056,0.661045,0.6397,0.6397,1.1704,0.931786,0.8753,0.8465,0.821118,0.796722,0.7707,0.7707,1.0978,0.831243,0.797648,0.766638,0.741755,0.718019,0.6927,0.6927,1.0913,0.821614,0.776505,0.745724,0.722193,0.699842,0.676,0.676,1.0588,0.7877,0.737419,0.763095,0.755649,0.746287,0.7363,0.7363,1.0219,0.760743,0.715695,0.709676,0.692282,0.674678,0.6559,0.6559,1.0159,0.7604,0.713338,0.69909,0.680609,0.662411,0.643,0.643
2026-08-26T00:00:00+00:00,0.6932,0.661643,0.631248,0.5786,0.572831,0.567062,0.5611,0.5611,0.7298,0.8669,0.855957,0.7691,0.768177,0.767254,0.7663,0.7663,0.6931,0.728957,0.710671,0.6581,0.640199,0.622298,0.6038,0.6038,0.6845,0.711029,0.685738,0.6337,0.60937,0.585041,0.5599,0.5599,0.6842,0.684429,0.649057,0.639,0.611604,0.584209,0.5559,0.5559,0.6616,0.646343,0.615271,0.5483,0.534784,0.521267,0.5073,0.5073,0.6619,0.646271,0.618338,0.5519,0.537922,0.523944,0.5095,0.5095
2026-08-27T00:00:00+00:00,0.8628,0.597583,0.571514,0.539458,0.526205,0.512953,0.4997,0.4997,1.0416,0.886767,0.766386,0.703143,0.689429,0.675714,0.662,0.662,0.9978,0.706317,0.652471,0.62282,0.611413,0.600007,0.5886,0.5886,0.9141,0.629767,0.608243,0.601999,0.589966,0.577933,0.5659,0.5659,0.984,0.709617,0.667586,0.643441,0.60866,0.57388,0.5391,0.5391,0.7544,0.6213,0.576057,0.545005,0.53317,0.521335,0.5095,0.5095,0.7544,0.590817,0.561514,0.536896,0.524764,0.512632,0.5005,0.5005
2026-08-28T00:00:00+00:00,0.8609,0.7771,0.7355,0.663641,0.638751,0.61386,0.5898,0.5898,1.181,1.0323,0.9545,0.865381,0.839601,0.813821,0.7889,0.7889,0.9395,0.8524,0.7924,0.732736,0.71078,0.688824,0.6676,0.6676,0.8854,0.8012,0.7573,0.697429,0.676857,0.656286,0.6364,0.6364,1.0518,0.9429,0.8421,0.788602,0.746635,0.704668,0.6641,0.6641,0.8868,0.7975,0.7405,0.676385,0.649154,0.621923,0.5956,0.5956,0.8703,0.7826,0.7116,0.661734,0.636745,0.611756,0.5876,0.5876
2026-08-29T00:00:00+00:00,0.5383,0.712171,0.698743,0.694703,0.661736,0.628769,0.598,0.598,0.6581,0.827357,0.820229,0.799804,0.786848,0.773892,0.7618,0.7618,0.5665,0.754029,0.743843,0.723273,0.693998,0.664723,0.6374,0.6374,0.5587,0.734457,0.726186,0.705084,0.677919,0.650754,0.6254,0.6254,0.545,0.805143,0.822557,0.799742,0.759159,0.718577,0.6807,0.6807,0.5156,0.736086,0.73095,0.724133,0.688463,0.652792,0.6195,0.6195,0.5321,0.715429,0.710786,0.707162,0.672777,0.638392,0.6063,0.6063
2026-08-30T00:00:00+00:00,0.663,0.736229,0.703071,0.668025,0.640465,0.612904,0.5881,0.5881,0.8459,0.905243,0.883986,0.794515,0.781131,0.767746,0.7557,0.7557,0.6956,0.788357,0.755386,0.710384,0.69301,0.675636,0.66,0.66,0.6623,0.761471,0.7295,0.694537,0.675318,0.656098,0.6388,0.6388,0.6774,0.789943,0.797986,0.744113,0.714212,0.684311,0.6574,0.6574,0.6452,0.7402,0.715529,0.681133,0.65588,0.630627,0.6079,0.6079,0.6299,0.734629,0.700414,0.674025,0.646465,0.618904,0.5941,0.5941
2026-08-31T00:00:00+00:00,0.7623,0.715014,0.699979,0.674429,0.647,0.619571,0.5958,0.5958,0.8162,0.851229,0.804721,0.798251,0.791954,0.785657,0.7802,0.7802,0.7773,0.768886,0.734771,0.709856,0.688592,0.667329,0.6489,0.6489,0.7705,0.743714,0.715136,0.6894,0.6684,0.6474,0.6292,0.6292,0.9237,0.822571,0.780093,0.767963,0.737138,0.706314,0.6796,0.6796,0.7859,0.725129,0.716136,0.688366,0.661762,0.635157,0.6121,0.6121,0.7705,0.712286,0.700171,0.678744,0.652008,0.625271,0.6021,0.6021
2026-09-01T00:00:00+00:00,0.6799,0.660314,0.642186,0.632635,0.613811,0.594987,0.5793,0.5793,0.7634,0.804214,0.7909,0.772347,0.757084,0.74182,0.7291,0.7291,0.7123,0.698171,0.684286,0.679974,0.664842,0.64971,0.6371,0.6371,0.6988,0.6719,0.655129,0.652273,0.637635,0.622998,0.6108,0.6108,0.8025,0.7988,0.7675,0.74433,0.715978,0.687626,0.664,0.664,0.7062,0.693643,0.673043,0.654319,0.633912,0.613505,0.5965,0.5965,0.689,0.665943,0.644986,0.638567,0.620402,0.602237,0.5871,0.5871
2026-09-02T00:00:00+00:00,0.5577,0.546729,0.538721,0.541754,0.540699,0.539644,0.5388,0.5388,0.5973,0.627414,0.624857,0.640423,0.650379,0.660335,0.6683,0.6683,0.5478,0.5622,0.564479,0.575223,0.577465,0.579707,0.5815,0.5815,0.5683,0.549314,0.545493,0.549754,0.553413,0.557073,0.56,0.56,0.6671,0.650129,0.63295,0.627077,0.623121,0.619165,0.616,0.616,0.5986,0.577257,0.564114,0.564623,0.561293,0.557964,0.5553,0.5553,0.5697,0.554157,0.546093,0.551585,0.548947,0.54631,0.5442,0.5442
2026-09-03T00:00:00+00:00,0.5317,0.502043,0.502629,0.510967,0.514593,0.51822,0.521,0.521,0.623,0.607486,0.616,0.631284,0.633097,0.63491,0.6363,0.6363,0.5479,0.525443,0.526929,0.535869,0.543254,0.550638,0.5563,0.5563,0.5181,0.5127,0.515871,0.522267,0.525893,0.52952,0.5323,0.5323,0.7142,0.6176,0.603386,0.604836,0.600847,0.596858,0.5938,0.5938,0.5428,0.523686,0.531729,0.545627,0.541605,0.537584,0.5345,0.5345,0.5428,0.511171,0.512971,0.522233,0.521607,0.52098,0.5205,0.5205
2026-09-04T00:00:00+00:00,0.5561,0.5067,0.5152,0.518554,0.528593,0.522539,0.5181,0.5181,0.7227,0.6516,0.6514,0.678003,0.66855,0.673425,0.677,0.677,0.6057,0.5658,0.5657,0.567637,0.576636,0.576154,0.5758,0.5758,0.5549,0.5237,0.5484,0.542363,0.551357,0.550286,0.5495,0.5495,0.6097,0.5658,0.5772,0.577677,0.583543,0.586864,0.5893,0.5893,0.5134,0.5101,0.5258,0.531229,0.531743,0.532814,0.5336,0.5336,0.5423,0.4967,0.5158,0.513989,0.523143,0.522714,0.5224,0.5224
2026-09-05T00:00:00+00:00,0.3594,0.480043,0.494814,0.504786,0.509268,0.504875,0.5018,0.5018,0.4242,0.593114,0.598086,0.6162,0.616923,0.627263,0.6345,0.6345,0.3614,0.515043,0.533486,0.537743,0.545752,0.546663,0.5473,0.5473,0.3614,0.495414,0.510986,0.518414,0.529816,0.530512,0.531,0.531,0.4082,0.561657,0.570657,0.571343,0.586218,0.580325,0.5762,0.5762,0.3557,0.496129,0.514186,0.520671,0.528671,0.5231,0.5192,0.5192,0.3557,0.482371,0.501671,0.506443,0.513773,0.510613,0.5084,0.5084
2026-09-06T00:00:00+00:00,0.4351,0.519914,0.516814,0.518123,0.514214,0.510786,0.5085,0.5085,0.645,0.650471,0.6512,0.650229,0.649886,0.653314,0.6556,0.6556,0.5266,0.571329,0.565543,0.561951,0.568789,0.564236,0.5612,0.5612,0.4992,0.550143,0.547129,0.541183,0.546054,0.543321,0.5415,0.5415,0.4426,0.5872,0.578957,0.575291,0.576329,0.573971,0.5724,0.5724,0.4386,0.514114,0.522586,0.527177,0.527689,0.526136,0.5251,0.5251,0.4395,0.5116,0.514829,0.515603,0.520579,0.515971,0.5129,0.5129
2026-09-07T00:00:00+00:00,0.4853,0.526071,0.520357,0.516391,0.514875,0.510911,0.5084,0.5084,0.5906,0.653071,0.662314,0.668383,0.6399,0.641186,0.642,0.642,0.5126,0.5612,0.562671,0.560054,0.561163,0.559716,0.5588,0.5588,0.4992,0.5411,0.538286,0.536743,0.541313,0.538366,0.5365,0.5365,0.5304,0.595343,0.586429,0.581503,0.572712,0.573623,0.5742,0.5742,0.4893,0.540414,0.537643,0.532569,0.531988,0.528934,0.527,0.527,0.4964,0.526586,0.521157,0.5175,0.51695,0.514593,0.5131,0.5131
2026-09-08T00:00:00+00:00,0.5451,0.533586,0.5238,0.519129,0.515914,0.514468,0.5136,0.5136,0.5849,0.6322,0.627157,0.629809,0.633714,0.637518,0.6398,0.6398,0.5493,0.5596,0.552714,0.55152,0.558743,0.557779,0.5572,0.5572,0.5416,0.5419,0.534186,0.532606,0.537743,0.536029,0.535,0.535,0.6624,0.649871,0.6254,0.605354,0.594329,0.588811,0.5855,0.5855,0.5783,0.5614,0.548671,0.539557,0.534971,0.530739,0.5282,0.5282,0.5558,0.540929,0.5297,0.523909,0.519486,0.516807,0.5152,0.5152
2026-09-09T00:00:00+00:00,0.5464,0.538886,0.5285,0.5253,0.522911,0.515946,0.512,0.512,0.7159,0.685486,0.656743,0.6498,0.647743,0.649886,0.6511,0.6511,0.5934,0.588329,0.574386,0.56698,0.559659,0.558855,0.5584,0.5584,0.5485,0.5635,0.552129,0.54566,0.539402,0.537741,0.5368,0.5368,0.7393,0.658214,0.625271,0.61094,0.59728,0.594548,0.593,0.593,0.5881,0.575614,0.557514,0.54692,0.535684,0.52963,0.5262,0.5262,0.5509,0.550686,0.5329,0.5269,0.523718,0.522111,0.5212,0.5212
2026-09-10T00:00:00+00:00,0.5694,0.547029,0.527271,0.521,0.516629,0.517914,0.5186,0.5186,0.623,0.643914,0.621,0.621957,0.630582,0.635029,0.6374,0.6374,0.5713,0.563414,0.553014,0.5542,0.557211,0.555443,0.5545,0.5545,0.5621,0.555843,0.543314,0.540843,0.539189,0.536457,0.535,0.535,0.7591,0.670643,0.623243,0.611457,0.600161,0.591643,0.5871,0.5871,0.6072,0.566829,0.559757,0.5528,0.540939,0.532957,0.5287,0.5287,0.5894,0.554,0.537471,0.5315,0.524561,0.520543,0.5184,0.5184
2026-09-11T00:00:00+00:00,0.5598,0.5272,0.5147,0.514106,0.512614,0.510471,0.5094,0.5094,0.6993,0.5849,0.5926,0.592371,0.595734,0.605645,0.6106,0.6106,0.5791,0.5363,0.5417,0.54042,0.539548,0.541316,0.5422,0.5422,0.569,0.5311,0.524,0.524686,0.525343,0.524914,0.5247,0.5247,0.7036,0.5961,0.5923,0.586266,0.577843,0.574414,0.5727,0.5727,0.5951,0.5434,0.5273,0.533746,0.53867,0.531223,0.5275,0.5275,0.5834,0.5296,0.5214,0.522086,0.521643,0.518214,0.5165,0.5165
2026-09-12T00:00:00+00:00,0.3829,0.5114,0.510691,0.518554,0.523693,0.514425,0.5101,0.5101,0.4568,0.6442,0.644649,0.642226,0.6401,0.6416,0.6423,0.6423,0.4163,0.5558,0.554626,0.555037,0.554471,0.5519,0.5507,0.5507,0.3797,0.527514,0.53672,0.53864,0.537864,0.530525,0.5271,0.5271,0.4559,0.545986,0.538349,0.561526,0.586529,0.58385,0.5826,0.5826,0.3593,0.512014,0.511,0.5222,0.533129,0.52895,0.527,0.527,0.3829,0.503571,0.502323,0.513889,0.525464,0.521875,0.5202,0.5202
2026-09-13T00:00:00+00:00,0.431,0.522314,0.517586,0.521471,0.523696,0.519304,0.5174,0.5174,0.5258,0.6307,0.618917,0.628654,0.638466,0.637234,0.6367,0.6367,0.4546,0.544771,0.554226,0.558431,0.56153,0.55837,0.557,0.557,0.4546,0.524743,0.5337,0.5385,0.540373,0.532927,0.5297,0.5297,0.4846,0.577771,0.556214,0.568329,0.582662,0.586037,0.5875,0.5875,0.4441,0.509514,0.5154,0.5282,0.539479,0.534121,0.5318,0.5318,0.4264,0.508686,0.521369,0.525117,0.527405,0.523495,0.5218,0.5218
2026-09-14T00:00:00+00:00,0.5467,0.546071,0.532031,0.528466,0.524675,0.524193,0.524,0.524,0.6601,0.619957,0.62728,0.62824,0.630775,0.63415,0.6355,0.6355,0.553,0.560686,0.544709,0.552754,0.559775,0.557579,0.5567,0.5567,0.5456,0.5514,0.535471,0.537986,0.539525,0.537436,0.5366,0.5366,0.6492,0.6116,0.582051,0.588726,0.594225,0.591707,0.5907,0.5907,0.5915,0.544086,0.535011,0.543606,0.548975,0.542064,0.5393,0.5393,0.5471,0.556457,0.538277,0.535489,0.531825,0.52995,0.5292,0.5292
2026-09-15T00:00:00+00:00,0.6775,0.610271,0.576166,0.566429,0.555077,0.55063,0.549,0.549,0.8166,0.764,0.704029,0.692143,0.683116,0.687348,0.6889,0.6889,0.7143,0.653943,0.619803,0.605814,0.591789,0.589968,0.5893,0.5893,0.7085,0.640943,0.594549,0.585543,0.573859,0.567377,0.565,0.565,0.759,0.693157,0.664369,0.658243,0.645589,0.631768,0.6267,0.6267,0.6896,0.624743,0.596494,0.584471,0.570146,0.564039,0.5618,0.5618,0.6708,0.615343,0.583409,0.573443,0.560805,0.554216,0.5518,0.5518
2026-09-16T00:00:00+00:00,0.6461,0.568843,0.5581,0.5517,0.544129,0.540432,0.5392,0.5392,0.7165,0.644629,0.636614,0.6437,0.652129,0.656307,0.6577,0.6577,0.6456,0.585129,0.574457,0.57624,0.576714,0.574679,0.574,0.574,0.641,0.570557,0.558129,0.55886,0.556786,0.551696,0.55,0.55,0.7589,0.702629,0.683986,0.66538,0.648043,0.646061,0.6454,0.6454,0.6662,0.594743,0.579086,0.57488,0.5702,0.568325,0.5677,0.5677,0.6499,0.5744,0.560957,0.55954,0.556329,0.552632,0.5514,0.5514
2026-09-17T00:00:00+00:00,0.5318,0.507714,0.511551,0.532489,0.551018,0.553696,0.5545,0.5545,0.6292,0.655086,0.660891,0.664869,0.673746,0.683711,0.6867,0.6867,0.5662,0.559943,0.563803,0.576877,0.58923,0.592284,0.5932,0.5932,0.5437,0.531614,0.535994,0.553046,0.568114,0.570257,0.5709,0.5709,0.6221,0.627329,0.630411,0.636309,0.640341,0.639002,0.6386,0.6386,0.5588,0.527086,0.529874,0.551406,0.570964,0.574607,0.5757,0.5757,0.5432,0.521171,0.523809,0.540631,0.556455,0.560259,0.5614,0.5614
2026-09-18T00:00:00+00:00,0.5135,0.4672,0.4829,0.497129,0.516479,0.530943,0.5348,0.5348,0.7237,0.6465,0.631,0.6382,0.657068,0.679514,0.6855,0.6855,0.5741,0.5297,0.5198,0.536829,0.558182,0.572486,0.5763,0.5763,0.543,0.5032,0.5026,0.521057,0.541361,0.552129,0.555,0.555,0.508,0.5296,0.5351,0.568986,0.603432,0.618486,0.6225,0.6225,0.5018,0.4765,0.4869,0.511757,0.537954,0.550543,0.5539,0.5539,0.5018,0.4658,0.4793,0.500957,0.524239,0.535971,0.5391,0.5391
2026-09-19T00:00:00+00:00,0.4995,0.535757,0.532746,0.527089,0.527611,0.534575,0.5362,0.5362,0.6709,0.6668,0.673161,0.659732,0.662205,0.680688,0.685,0.685,0.5507,0.5837,0.577346,0.571689,0.57367,0.582937,0.5851,0.5851,0.522,0.565014,0.555079,0.548336,0.548891,0.557087,0.559,0.559,0.5093,0.584871,0.567314,0.586743,0.601593,0.60395,0.6045,0.6045,0.4701,0.540171,0.538718,0.537404,0.54203,0.550762,0.5528,0.5528,0.484,0.534714,0.532125,0.527725,0.530264,0.53905,0.5411,0.5411
2026-09-20T00:00:00+00:00,0.4859,0.540729,0.527271,0.527043,0.529793,0.534132,0.535,0.535,0.632,0.658057,0.632736,0.645021,0.656521,0.662254,0.6634,0.6634,0.508,0.5628,0.5555,0.5611,0.569529,0.576921,0.5784,0.5784,0.4944,0.546286,0.544479,0.544307,0.548093,0.553932,0.5551,0.5551,0.553,0.5905,0.583229,0.593057,0.6042,0.6117,0.6132,0.6132,0.4917,0.565443,0.542829,0.543057,0.546521,0.551504,0.5525,0.5525,0.4843,0.544114,0.5319,0.5319,0.534829,0.539221,0.5401,0.5401
2026-09-21T00:00:00+00:00,0.6398,0.572629,0.550168,0.546796,0.545538,0.546448,0.5466,0.5466,0.7388,0.681129,0.673582,0.660154,0.670787,0.69677,0.7011,0.7011,0.6668,0.5925,0.585711,0.585768,0.59015,0.596364,0.5974,0.5974,0.6503,0.584429,0.567254,0.564339,0.564725,0.567618,0.5681,0.5681,0.6401,0.624957,0.604668,0.601296,0.60765,0.619436,0.6214,0.6214,0.6237,0.591657,0.564768,0.564596,0.561837,0.558034,0.5574,0.5574,0.6242,0.577129,0.554432,0.549804,0.547462,0.547837,0.5479,0.5479
2026-09-22T00:00:00+00:00,0.8083,0.6663,0.602943,0.583514,0.570343,0.565629,0.565,0.565,1.0099,0.807471,0.746543,0.719514,0.711186,0.718257,0.7192,0.7192,0.9018,0.7171,0.665757,0.633186,0.61635,0.6156,0.6155,0.6155,0.8437,0.684057,0.630629,0.606343,0.593179,0.591786,0.5916,0.5916,0.8214,0.720929,0.664843,0.645014,0.634,0.6325,0.6323,0.6323,0.8149,0.678486,0.613429,0.588743,0.574632,0.572221,0.5719,0.5719,0.8052,0.667814,0.606014,0.582871,0.569139,0.566193,0.5658,0.5658
2026-09-23T00:00:00+00:00,0.6553,0.591386,0.569929,0.5649,0.553336,0.541121,0.5399,0.5399,0.8238,0.737271,0.709164,0.70425,0.697582,0.691689,0.6911,0.6911,0.7149,0.633857,0.614771,0.6102,0.60052,0.590502,0.5895,0.5895,0.6661,0.619929,0.594575,0.587775,0.577037,0.566913,0.5659,0.5659,0.7163,0.621414,0.613404,0.614375,0.609132,0.601739,0.601,0.601,0.6485,0.595057,0.576361,0.570475,0.560754,0.551432,0.5505,0.5505,0.6444,0.593614,0.571929,0.5637,0.553077,0.543916,0.543,0.543
2026-09-24T00:00:00+00:00,0.6275,0.577614,0.567093,0.561207,0.551843,0.542896,0.5423,0.5423,0.8434,0.724257,0.702386,0.697014,0.6917,0.687575,0.6873,0.6873,0.7182,0.623314,0.6078,0.6086,0.600371,0.589711,0.589,0.589,0.6511,0.598814,0.588879,0.585621,0.577029,0.567814,0.5672,0.5672,0.7043,0.644643,0.632557,0.626843,0.613171,0.598761,0.5978,0.5978,0.6393,0.585729,0.574979,0.570121,0.5626,0.555475,0.555,0.555,0.6215,0.580186,0.570043,0.561357,0.551629,0.543539,0.543,0.543
2026-09-25T00:00:00+00:00,0.5426,0.5459,0.5466,0.541495,0.538471,0.536757,0.5367,0.5367,0.6846,0.6966,0.7014,0.684943,0.679845,0.679898,0.6799,0.6799,0.5849,0.5971,0.595,0.590962,0.59037,0.591173,0.5912,0.5912,0.5625,0.5692,0.5683,0.56449,0.563345,0.563398,0.5634,0.5634,0.5978,0.566,0.6104,0.59181,0.588857,0.592286,0.5924,0.5924,0.5391,0.5442,0.5583,0.544129,0.540191,0.54078,0.5408,0.5408,0.5197,0.5421,0.5505,0.54029,0.536698,0.536216,0.5362,0.5362
2026-09-26T00:00:00+00:00,0.3852,0.526514,0.531938,0.540548,0.537082,0.5306,0.5306,0.5306,0.4762,0.654786,0.639662,0.639052,0.647071,0.6565,0.6565,0.6565,0.4215,0.575171,0.576357,0.578871,0.576714,0.5735,0.5735,0.5735,0.3988,0.555214,0.552562,0.556752,0.553343,0.5482,0.5482,0.5482,0.4154,0.547257,0.565852,0.58909,0.592021,0.5887,0.5887,0.5887,0.3879,0.526057,0.538252,0.54549,0.543539,0.5392,0.5392,0.5392,0.3735,0.529543,0.532729,0.541186,0.539261,0.5346,0.5346,0.5346
2026-09-26T17:00:01.736599+00:00,0.4453,0.539471,0.536733,0.543667,0.539364,0.5324,0.5324,0.5324,0.6186,0.667143,0.635505,0.624381,0.638593,0.6582,0.6582,0.6582,0.5071,0.577386,0.576895,0.570419,0.571586,0.5748,0.5748,0.5748,0.4569,0.5563,0.552376,0.556795,0.553907,0.5493,0.5493,0.5493,0.5642,0.561086,0.58969,0.587938,0.594929,0.6035,0.6035,0.6035,0.4096,0.544229,0.542005,0.551681,0.550711,0.5468,0.5468,0.5468,0.4127,0.535429,0.53569,0.546738,0.544207,0.5381,0.5381,0.5381
2026-09-26T19:45:06.088397+00:00,0.4175,0.540229,0.536681,0.544376,0.539939,0.5326,0.5326,0.5326,0.5875,0.6603,0.636205,0.625081,0.639432,0.6592,0.6592,0.6592,0.4486,0.575657,0.571095,0.569419,0.572761,0.5771,0.5771,0.5771,0.4408,0.559043,0.548881,0.554976,0.554086,0.5513,0.5513,0.5513,0.5642,0.586143,0.588843,0.599129,0.602629,0.6037,0.6037,0.6037,0.4424,0.547457,0.552067,0.553133,0.549546,0.5451,0.5451,0.5451,0.3942,0.541186,0.542,0.5468,0.542661,0.5365,0.5365,0.5365
2026-09-26T22:36:02.427789+00:00,0.436,0.550471,0.538838,0.547448,0.542961,0.5353,0.5353,0.5353,0.6818,0.684886,0.633648,0.62161,0.636939,0.6581,0.6581,0.6581,0.5585,0.595643,0.573605,0.572081,0.574857,0.5785,0.5785,0.5785,0.4869,0.572743,0.554738,0.560148,0.557693,0.5533,0.5533,0.5533,0.5978,0.6032,0.598138,0.593948,0.594943,0.5973,0.5973,0.5973,0.5608,0.552486,0.55431,0.556062,0.550975,0.5446,0.5446,0.5446,0.4284,0.547214,0.544024,0.549205,0.544418,0.5374,0.5374,0.5374
2026-09-27T01:15:20.750856+00:00,0.4649,0.544814,0.541333,0.5472,0.541261,0.5337,0.5337,0.5337,0.5759,0.660043,0.644148,0.622129,0.636032,0.6554,0.6554,0.6554,0.5095,0.583257,0.572952,0.569371,0.573136,0.5779,0.5779,0.5779,0.4792,0.5616,0.557224,0.558214,0.555507,0.5524,0.5524,0.5524,0.5265,0.592714,0.592167,0.5975,0.596668,0.5947,0.5947,0.5947,0.4693,0.553571,0.550476,0.554286,0.549889,0.5444,0.5444,0.5444,0.4504,0.547043,0.54369,0.550014,0.544257,0.5368,0.5368,0.5368
2026-09-27T07:54:57.419077+00:00,0.5212,0.565429,0.55111,0.547986,0.541614,0.5354,0.5354,0.5354,0.7663,0.720557,0.663933,0.6298,0.637238,0.6521,0.6521,0.6521,0.5829,0.621457,0.587381,0.577629,0.575752,0.5757,0.5757,0.5757,0.5458,0.579057,0.566457,0.560514,0.557616,0.5557,0.5557,0.5557,0.6364,0.588029,0.596662,0.593157,0.589993,0.5873,0.5873,0.5873,0.5355,0.567686,0.558471,0.555043,0.548759,0.5427,0.5427,0.5427,0.5198,0.559043,0.551181,0.549429,0.543604,0.5377,0.5377,0.5377
2026-09-27T13:46:01.234378+00:00,0.5545,0.568414,0.549405,0.547043,0.543321,0.5398,0.5398,0.5398,0.6789,0.6978,0.643171,0.630143,0.639995,0.6532,0.6532,0.6532,0.5943,0.609857,0.588176,0.577586,0.577239,0.579,0.579,0.579,0.5624,0.591157,0.570867,0.5634,0.559927,0.5577,0.5577,0.5577,0.4958,0.605386,0.591281,0.608729,0.606166,0.5999,0.5999,0.5999,0.479,0.570814,0.560933,0.5636,0.556916,0.5492,0.5492,0.5492,0.5164,0.5637,0.551776,0.552386,0.547148,0.5414,0.5414,0.5414
2026-09-27T18:12:43.081528+00:00,0.464,0.559086,0.545705,0.544943,0.541811,0.5386,0.5386,0.5386,0.7147,0.688743,0.667129,0.635357,0.639959,0.6513,0.6513,0.6513,0.522,0.609729,0.585857,0.578314,0.576996,0.5771,0.5771,0.5771,0.514,0.582357,0.564362,0.559257,0.557673,0.557,0.557,0.557,0.5219,0.600371,0.60759,0.605914,0.602707,0.5996,0.5996,0.5996,0.4053,0.571829,0.559319,0.554671,0.551871,0.5498,0.5498,0.5498,0.4333,0.563757,0.551548,0.548729,0.5455,0.5426,0.5426,0.5426
2026-09-27T21:57:45.940686+00:00,0.523,0.570914,0.548962,0.547057,0.543807,0.5407,0.5407,0.5407,0.9559,0.7077,0.661014,0.639529,0.642684,0.6504,0.6504,0.6504,0.6232,0.611029,0.589462,0.576357,0.575973,0.5782,0.5782,0.5782,0.5702,0.594729,0.56871,0.563986,0.559532,0.5557,0.5557,0.5557,0.5651,0.601643,0.59831,0.596786,0.597705,0.599,0.599,0.599,0.4573,0.573571,0.560938,0.556443,0.552611,0.5494,0.5494,0.5494,0.5216,0.566571,0.552262,0.550357,0.54648,0.5427,0.5427,0.5427
2026-09-28T00:33:02.806500+00:00,0.5681,0.572314,0.5491,0.545367,0.5424,0.5399,0.5399,0.5399,0.6782,0.677214,0.658043,0.631071,0.63215,0.6366,0.6366,0.6366,0.5896,0.6055,0.578857,0.571162,0.57225,0.5743,0.5743,0.5743,0.5742,0.5848,0.561314,0.557657,0.55475,0.5523,0.5523,0.5523,0.6479,0.613014,0.595857,0.596695,0.5989,0.601,0.601,0.601,0.5702,0.584171,0.562314,0.555457,0.5528,0.551,0.551,0.551,0.5624,0.5748,0.553886,0.54901,0.5461,0.5438,0.5438,0.5438
2026-09-28T06:34:16.914700+00:00,0.6027,0.5584,0.5448,0.534133,0.53685,0.5409,0.5409,0.5409,0.7337,0.664071,0.629229,0.627781,0.6389,0.6502,0.6502,0.6502,0.6495,0.589571,0.568286,0.562343,0.56985,0.5781,0.5781,0.5781,0.6059,0.569043,0.549629,0.546048,0.55065,0.5557,0.5557,0.5557,0.7416,0.615157,0.595443,0.599405,0.6045,0.6091,0.6091,0.6091,0.6379,0.567314,0.560957,0.551129,0.55235,0.5548,0.5548,0.5548,0.621,0.561043,0.552614,0.54149,0.54165,0.5432,0.5432,0.5432
2026-09-28T15:12:41.792052+00:00,0.631,0.587571,0.560643,0.543805,0.53945,0.5372,0.5372,0.5372,0.7522,0.647929,0.623986,0.63191,0.63585,0.6388,0.6388,0.6388,0.6482,0.609986,0.577171,0.565819,0.56585,0.5673,0.5673,0.5673,0.6396,0.594571,0.563371,0.551486,0.55025,0.5505,0.5505,0.5505,0.8371,0.700114,0.647929,0.598481,0.5982,0.6041,0.6041,0.6041,0.72,0.613886,0.578443,0.557338,0.55195,0.5492,0.5492,0.5492,0.6745,0.594914,0.564143,0.547838,0.5427,0.5396,0.5396,0.5396
2026-09-28T21:45:52.056200+00:00,0.5307,0.582857,0.551029,0.543714,0.5397,0.5366,0.5366,0.5366,0.8607,0.666957,0.647157,0.644262,0.64275,0.6416,0.6416,0.6416,0.6026,0.594886,0.568486,0.565743,0.56885,0.5723,0.5723,0.5723,0.5134,0.582214,0.5543,0.555367,0.55395,0.5524,0.5524,0.5524,1.0086,0.721786,0.6566,0.611267,0.60515,0.6047,0.6047,0.6047,0.7137,0.6071,0.574486,0.562676,0.5553,0.5494,0.5494,0.5494,0.5596,0.5964,0.561343,0.551438,0.5453,0.5404,0.5404,0.5404
2026-09-29T01:41:51.397929+00:00,0.5797,0.568086,0.5544,0.5432,0.540014,0.5377,0.5377,0.5377,0.6404,0.630771,0.624095,0.624476,0.636773,0.6482,0.6482,0.6482,0.5866,0.585743,0.571971,0.566257,0.56823,0.5704,0.5704,0.5704,0.5757,0.574729,0.559843,0.554814,0.553516,0.5526,0.5526,0.5526,0.6667,0.674357,0.648614,0.618671,0.608359,0.6005,0.6005,0.6005,0.63,0.5792,0.580433,0.564967,0.556284,0.5491,0.5491,0.5491,0.5998,0.575557,0.564238,0.54999,0.544543,0.5403,0.5403,0.5403
2026-09-29T08:14:31.249600+00:00,0.6529,0.614757,0.586948,0.560738,0.556355,0.5538,0.5538,0.5538,0.8943,0.773057,0.702381,0.670305,0.665763,0.6634,0.6634,0.6634,0.748,0.665114,0.62531,0.598948,0.594555,0.592,0.592,0.592,0.6882,0.635357,0.603719,0.576595,0.573605,0.5724,0.5724,0.5724,0.8339,0.7037,0.672062,0.62231,0.614384,0.6099,0.6099,0.6099,0.6661,0.623414,0.59969,0.571652,0.567052,0.5644,0.5644,0.5644,0.6708,0.616786,0.591252,0.561462,0.557114,0.5548,0.5548,0.5548
2026-09-29T15:35:58.546610+00:00,0.6126,0.588871,0.57941,0.567448,0.560434,0.5546,0.5546,0.5546,0.7543,0.693714,0.67509,0.666252,0.66917,0.6724,0.6724,0.6724,0.627,0.6243,0.619195,0.598776,0.596102,0.5948,0.5948,0.5948,0.6209,0.603157,0.59689,0.580052,0.577032,0.5752,0.5752,0.5752,0.5854,0.636243,0.632633,0.631567,0.628807,0.6263,0.6263,0.6263,0.5746,0.598129,0.59501,0.578248,0.573109,0.5693,0.5693,0.5693,0.5829,0.584843,0.581595,0.567576,0.562764,0.5591,0.5591,0.5591
2026-09-29T20:36:55.015967+00:00,0.5781,0.575229,0.558533,0.560667,0.555259,0.5501,0.5501,0.5501,0.7543,0.704243,0.671429,0.672343,0.668464,0.6648,0.6648,0.6648,0.6168,0.613071,0.594643,0.586414,0.585952,0.586,0.586,0.586,0.6097,0.590971,0.574248,0.570438,0.569009,0.5679,0.5679,0.5679,0.6162,0.650586,0.618438,0.61859,0.612438,0.6067,0.6067,0.6067,0.5614,0.584957,0.563595,0.560776,0.560393,0.5602,0.5602,0.5602,0.5809,0.575529,0.555686,0.558429,0.554716,0.5511,0.5511,0.5511
2026-09-30T00:14:32.371079+00:00,0.5783,0.560657,0.552352,0.5554,0.552346,0.5497,0.5497,0.5497,0.7427,0.6665,0.662952,0.6612,0.661093,0.661,0.661,0.661,0.6283,0.598229,0.588776,0.5791,0.583279,0.5869,0.5869,0.5869,0.5869,0.570729,0.563729,0.5683,0.567818,0.5674,0.5674,0.5674,0.6548,0.617443,0.611557,0.6175,0.612786,0.6087,0.6087,0.6087,0.6015,0.566186,0.560348,0.5669,0.562454,0.5586,0.5586,0.5586,0.6004,0.562386,0.549657,0.5572,0.553986,0.5512,0.5512,0.5512
2026-09-30T06:30:54.700030+00:00,0.648,0.584543,0.561681,0.5581,0.553654,0.5498,0.5498,0.5498,0.779,0.680357,0.656186,0.6539,0.662043,0.6691,0.6691,0.6691,0.7008,0.614157,0.593986,0.5885,0.589411,0.5902,0.5902,0.5902,0.6608,0.597057,0.575633,0.5719,0.569007,0.5665,0.5665,0.5665,0.8227,0.6884,0.638524,0.6146,0.613475,0.6125,0.6125,0.6125,0.6879,0.604886,0.576552,0.57,0.566839,0.5641,0.5641,0.5641,0.6709,0.593657,0.566752,0.5602,0.556664,0.5536,0.5536,0.5536
2026-09-30T13:31:11.706989+00:00,0.7428,0.612714,0.577133,0.5622,0.555932,0.5505,0.5505,0.5505,0.8643,0.718329,0.681195,0.6559,0.665114,0.6731,0.6731,0.6731,0.7938,0.652714,0.614314,0.5974,0.598043,0.5986,0.5986,0.5986,0.7778,0.637943,0.599638,0.578,0.576875,0.5759,0.5759,0.5759,0.7179,0.611214,0.597443,0.6139,0.615936,0.6177,0.6177,0.6177,0.7018,0.596914,0.571643,0.5641,0.562386,0.5609,0.5609,0.5609,0.7197,0.601229,0.571452,0.5601,0.556404,0.5532,0.5532,0.5532
2026-09-30T19:01:10.581451+00:00,0.5306,0.553814,0.54509,0.5425,0.546893,0.5507,0.5507,0.5507,0.6351,0.635243,0.639795,0.6561,0.664136,0.6711,0.6711,0.6711,0.56,0.576071,0.569524,0.5728,0.582229,0.5904,0.5904,0.5904,0.547,0.562543,0.5533,0.5581,0.561368,0.5642,0.5642,0.5642,0.7291,0.6289,0.60971,0.6059,0.61415,0.6213,0.6213,0.6213,0.598,0.581714,0.563619,0.5528,0.557514,0.5616,0.5616,0.5616,0.5451,0.563714,0.553276,0.5452,0.549271,0.5528,0.5528,0.5528
2026-09-30T23:36:34.519739+00:00,0.5044,0.542157,0.529114,0.533,0.538143,0.5426,0.5426,0.5426,0.6682,0.676414,0.653662,0.6433,0.658354,0.6714,0.6714,0.6714,0.5579,0.578271,0.57009,0.5675,0.573714,0.5791,0.5791,0.5791,0.491,0.562014,0.550238,0.5494,0.554489,0.5589,0.5589,0.5589,0.6758,0.651186,0.623281,0.5989,0.607525,0.615,0.615,0.615,0.5455,0.581329,0.557533,0.5506,0.553439,0.5559,0.5559,0.5559,0.5328,0.561186,0.543952,0.5422,0.5437,0.545,0.545,0.545
2026-10-01T05:17:50.394962+00:00,0.6289,0.5557,0.544443,0.546845,0.548184,0.5493,0.5493,0.5493,0.7068,0.672429,0.662529,0.652464,0.663393,0.6725,0.6725,0.6725,0.6383,0.591757,0.580743,0.572863,0.580737,0.5873,0.5873,0.5873,0.6434,0.574057,0.560986,0.557382,0.562846,0.5674,0.5674,0.5674,0.6763,0.6421,0.629143,0.611107,0.614321,0.617,0.617,0.617,0.6208,0.574171,0.563,0.554514,0.554943,0.5553,0.5553,0.5553,0.6052,0.559429,0.550314,0.546682,0.549146,0.5512,0.5512,0.5512
2026-10-01T12:52:18.385886+00:00,0.614,0.55575,0.549571,0.54233,0.546241,0.5495,0.5495,0.5495,0.6627,0.631917,0.635671,0.636882,0.651346,0.6634,0.6634,0.6634,0.6118,0.580983,0.579243,0.571702,0.577755,0.5828,0.5828,0.5828,0.6016,0.56805,0.560114,0.554284,0.559802,0.5644,0.5644,0.5644,0.6878,0.632933,0.627357,0.615961,0.617782,0.6193,0.6193,0.6193,0.6199,0.5757,0.570714,0.559121,0.559764,0.5603,0.5603,0.5603,0.6043,0.557317,0.555029,0.545998,0.548945,0.5514,0.5514,0.5514
2026-10-01T18:46:07.565185+00:00,0.5132,0.531383,0.5448,0.537362,0.542238,0.5463,0.5463,0.5463,0.6885,0.618733,0.643457,0.619709,0.637977,0.6532,0.6532,0.6532,0.5426,0.562483,0.577914,0.565279,0.576636,0.5861,0.5861,0.5861,0.5177,0.550883,0.558343,0.549734,0.556752,0.5626,0.5626,0.5626,0.701,0.558017,0.604386,0.593854,0.604461,0.6133,0.6133,0.6133,0.4581,0.5283,0.553814,0.548489,0.554168,0.5589,0.5589,0.5589,0.4902,0.523867,0.547871,0.540066,0.545048,0.5492,0.5492,0.5492
2026-10-01T23:03:13.257566+00:00,0.4374,0.492033,0.520343,0.51538,0.526791,0.5363,0.5363,0.5363,0.5844,0.579,0.619229,0.613546,0.632939,0.6491,0.6491,0.6491,0.4625,0.521017,0.547057,0.541209,0.559477,0.5747,0.5747,0.5747,0.4467,0.502133,0.529543,0.528193,0.545979,0.5608,0.5608,0.5608,0.701,0.553117,0.586729,0.563468,0.583504,0.6002,0.6002,0.6002,0.4927,0.502,0.537129,0.520941,0.534173,0.5452,0.5452,0.5452,0.4662,0.493367,0.524829,0.514314,0.526743,0.5371,0.5371,0.5371
2026-10-02T05:06:11.246134+00:00,0.5845,0.5009,0.5109,0.526114,0.530829,0.5346,0.5346,0.5346,0.6805,0.6179,0.6276,0.622311,0.640471,0.655,0.655,0.655,0.616,0.5429,0.5494,0.555061,0.570971,0.5837,0.5837,0.5837,0.6101,0.5238,0.53,0.536907,0.552014,0.5641,0.5641,0.5641,0.5644,0.5226,0.5612,0.575182,0.589914,0.6017,0.6017,0.6017,0.5616,0.5001,0.5253,0.531479,0.540157,0.5471,0.5471,0.5471,0.5687,0.5033,0.5169,0.526654,0.531957,0.5362,0.5362,0.5362
2026-10-02T12:15:21.389541+00:00,0.4713,0.4763,0.5208,0.511221,0.520543,0.528,0.528,0.528,0.6375,0.542,0.629,0.598029,0.617957,0.6339,0.6339,0.6339,0.5101,0.4971,0.5557,0.548832,0.565814,0.5794,0.5794,0.5794,0.4851,0.4872,0.5386,0.530011,0.545171,0.5573,0.5573,0.5573,0.4676,0.5042,0.5321,0.531696,0.563143,0.5883,0.5883,0.5883,0.4354,0.4769,0.5167,0.512154,0.526457,0.5379,0.5379,0.5379,0.4546,0.4747,0.5161,0.509814,0.520529,0.5291,0.5291,0.5291
2026-10-02T18:18:03.037173+00:00,0.4059,0.5222,0.5194,0.534475,0.5341,0.5338,0.5338,0.5338,0.5308,0.5728,0.6127,0.623711,0.626871,0.6294,0.6294,0.6294,0.4214,0.5392,0.5482,0.565268,0.572286,0.5779,0.5779,0.5779,0.3998,0.5296,0.5329,0.549586,0.553871,0.5573,0.5573,0.5573,0.6177,0.5735,0.5586,0.571586,0.586371,0.5982,0.5982,0.5982,0.4222,0.5389,0.5306,0.537368,0.542886,0.5473,0.5473,0.5473,0.4222,0.5275,0.5232,0.534854,0.537157,0.539,0.539,0.539
2026-10-02T22:52:59.515646+00:00,0.4071,0.5536,0.5277,0.534129,0.534557,0.5349,0.5349,0.5349,0.5205,0.5759,0.6257,0.622193,0.626586,0.6301,0.6301,0.6301,0.5104,0.5529,0.5527,0.5604,0.5709,0.5793,0.5793,0.5793,0.4564,0.5512,0.5398,0.541664,0.553129,0.5623,0.5623,0.5623,0.6022,0.6167,0.5537,0.566521,0.578843,0.5887,0.5887,0.5887,0.4209,0.5778,0.535,0.534589,0.537429,0.5397,0.5397,0.5397,0.4112,0.5689,0.5277,0.532282,0.533514,0.5345,0.5345,0.5345
2026-10-03T01:49:59.363349+00:00,0.4055,0.542514,0.527871,0.546705,0.543759,0.5415,0.5415,0.5415,0.48,0.5732,0.622136,0.612116,0.624277,0.6336,0.6336,0.6336,0.4157,0.550686,0.551829,0.56097,0.570666,0.5781,0.5781,0.5781,0.4032,0.5383,0.536964,0.551432,0.557754,0.5626,0.5626,0.5626,0.4181,0.586829,0.563257,0.575305,0.584359,0.5913,0.5913,0.5913,0.4075,0.556,0.538736,0.54822,0.547416,0.5468,0.5468,0.5468,0.4075,0.550786,0.533764,0.547166,0.542827,0.5395,0.5395,0.5395
2026-10-03T07:52:16.875927+00:00,0.4039,0.533157,0.538186,0.536652,0.53617,0.5358,0.5358,0.5358,0.5442,0.606229,0.628736,0.623289,0.629182,0.6337,0.6337,0.6337,0.4417,0.565486,0.565536,0.567182,0.566004,0.5651,0.5651,0.5651,0.4417,0.5461,0.552721,0.552673,0.549405,0.5469,0.5469,0.5469,0.5325,0.582729,0.593064,0.578254,0.590789,0.6004,0.6004,0.6004,0.4128,0.540043,0.547229,0.543539,0.541932,0.5407,0.5407,0.5407,0.4128,0.530029,0.5398,0.539538,0.536913,0.5349,0.5349,0.5349
2026-10-03T13:13:03.524360+00:00,0.3842,0.535986,0.53715,0.52978,0.527584,0.5259,0.5259,0.5259,0.5311,0.5541,0.630936,0.624457,0.633029,0.6396,0.6396,0.6396,0.4132,0.530029,0.554493,0.558787,0.563663,0.5674,0.5674,0.5674,0.3925,0.532629,0.542771,0.540411,0.546518,0.5512,0.5512,0.5512,0.4598,0.562986,0.6003,0.572948,0.58543,0.595,0.595,0.595,0.3926,0.550586,0.555671,0.537363,0.539988,0.542,0.542,0.542,0.3842,0.5377,0.543657,0.535134,0.533473,0.5322,0.5322,0.5322
2026-10-03T17:52:46.913196+00:00,0.3673,0.538629,0.548421,0.533046,0.532511,0.5321,0.5321,0.5321,0.5645,0.549171,0.625857,0.627029,0.631314,0.6346,0.6346,0.6346,0.4044,0.5352,0.566321,0.558336,0.566693,0.5731,0.5731,0.5731,0.3997,0.533029,0.552193,0.542461,0.550068,0.5559,0.5559,0.5559,0.3999,0.572929,0.601693,0.569257,0.583829,0.595,0.595,0.595,0.3855,0.5531,0.5599,0.539052,0.53857,0.5382,0.5382,0.5382,0.3518,0.546457,0.550314,0.533654,0.534189,0.5346,0.5346,0.5346
2026-10-03T20:52:56.537039+00:00,0.3536,0.522086,0.528464,0.534591,0.535502,0.5362,0.5362,0.5362,0.5311,0.5875,0.631886,0.617112,0.627238,0.635,0.635,0.635,0.4098,0.538271,0.559579,0.558643,0.565071,0.57,0.57,0.57,0.406,0.5252,0.543829,0.544666,0.549327,0.5529,0.5529,0.5529,0.4469,0.587729,0.613329,0.578548,0.59103,0.6006,0.6006,0.6006,0.3575,0.549686,0.545107,0.5413,0.5413,0.5413,0.5413,0.5413,0.3592,0.529386,0.530793,0.534616,0.534777,0.5349,0.5349,0.5349
2026-10-03T23:41:21.851549+00:00,0.3377,0.524843,0.529064,0.533966,0.535627,0.5369,0.5369,0.5369,0.5311,0.5915,0.623307,0.616688,0.627563,0.6359,0.6359,0.6359,0.3804,0.531471,0.557329,0.560873,0.566605,0.571,0.571,0.571,0.3804,0.523257,0.5424,0.545488,0.550362,0.5541,0.5541,0.5541,0.4469,0.590643,0.614229,0.590479,0.596264,0.6007,0.6007,0.6007,0.3583,0.552314,0.546064,0.541668,0.541346,0.5411,0.5411,0.5411,0.3495,0.531057,0.532379,0.53722,0.536416,0.5358,0.5358,0.5358
2026-10-04T05:22:36.223992+00:00,0.4347,0.519557,0.527929,0.53255,0.534425,0.5358,0.5358,0.5358,0.4813,0.618457,0.627729,0.626257,0.631936,0.6361,0.6361,0.6361,0.4451,0.551271,0.557414,0.562179,0.565768,0.5684,0.5684,0.5684,0.4344,0.536114,0.541129,0.543143,0.547964,0.5515,0.5515,0.5515,0.454,0.5915,0.5885,0.588979,0.592568,0.5952,0.5952,0.5952,0.4109,0.538057,0.537714,0.54095,0.542075,0.5429,0.5429,0.5429,0.4227,0.530086,0.529243,0.535043,0.536114,0.5369,0.5369,0.5369
2026-10-04T12:07:47.900527+00:00,0.4651,0.551386,0.5389,0.531629,0.531093,0.5307,0.5307,0.5307,0.5231,0.599871,0.646514,0.642414,0.647021,0.6504,0.6504,0.6504,0.4823,0.563143,0.568429,0.571307,0.573611,0.5753,0.5753,0.5753,0.4687,0.552014,0.548329,0.549564,0.557546,0.5634,0.5634,0.5634,0.448,0.594929,0.5857,0.573321,0.583982,0.5918,0.5918,0.5918,0.4508,0.564629,0.547086,0.537329,0.536793,0.5364,0.5364,0.5364,0.4508,0.556943,0.541786,0.5323,0.5293,0.5271,0.5271,0.5271
2026-10-04T17:23:55.642444+00:00,0.4566,0.493843,0.533571,0.532829,0.533043,0.5332,0.5332,0.5332,0.5345,0.558043,0.643543,0.638529,0.639493,0.6402,0.6402,0.6402,0.4875,0.518757,0.557886,0.560736,0.560254,0.5599,0.5599,0.5599,0.4623,0.506829,0.545171,0.54695,0.548075,0.5489,0.5489,0.5489,0.4717,0.547229,0.584643,0.581971,0.591507,0.5985,0.5985,0.5985,0.4356,0.508714,0.545671,0.543671,0.543457,0.5433,0.5433,0.5433,0.4289,0.500786,0.538271,0.536821,0.536232,0.5358,0.5358,0.5358
2026-10-04T21:08:59.105144+00:00,0.425,0.513629,0.530129,0.529964,0.531946,0.5334,0.5334,0.5334,0.5386,0.577643,0.6335,0.641471,0.633757,0.6281,0.6281,0.6281,0.4905,0.532029,0.545614,0.558071,0.560857,0.5629,0.5629,0.5629,0.4905,0.518814,0.533643,0.5428,0.54205,0.5415,0.5415,0.5415,0.4747,0.552729,0.579557,0.581993,0.588689,0.5936,0.5936,0.5936,0.4346,0.5258,0.546671,0.540193,0.542389,0.544,0.544,0.544,0.4153,0.519029,0.536186,0.53105,0.533675,0.5356,0.5356,0.5356
2026-10-05T00:38:06.495042+00:00,0.4642,0.515243,0.533621,0.530775,0.533025,0.5346,0.5346,0.5346,0.4935,0.581529,0.614329,0.615289,0.624825,0.6315,0.6315,0.6315,0.482,0.532414,0.548886,0.553098,0.556688,0.5592,0.5592,0.5592,0.4703,0.5206,0.537357,0.541698,0.542288,0.5427,0.5427,0.5427,0.5138,0.551343,0.587986,0.579552,0.586462,0.5913,0.5913,0.5913,0.4601,0.523014,0.545721,0.541462,0.541837,0.5421,0.5421,0.5421,0.4577,0.518214,0.5369,0.532705,0.533937,0.5348,0.5348,0.5348
2026-10-05T06:44:46.343491+00:00,0.478,0.513529,0.522671,0.53633,0.535312,0.5346,0.5346,0.5346,0.4868,0.567129,0.599964,0.616752,0.623663,0.6285,0.6285,0.6285,0.4787,0.5251,0.541114,0.55788,0.561363,0.5638,0.5638,0.5638,0.4739,0.517314,0.530979,0.54613,0.545112,0.5444,0.5444,0.5444,0.472,0.554186,0.588214,0.600243,0.5951,0.5915,0.5915,0.5915,0.4494,0.526,0.53955,0.546289,0.543825,0.5421,0.5421,0.5421,0.4747,0.517,0.527036,0.538355,0.535088,0.5328,0.5328,0.5328
2026-10-05T15:46:44.507897+00:00,0.4173,0.493171,0.508557,0.518218,0.524325,0.5286,0.5286,0.5286,0.5206,0.5557,0.581343,0.613023,0.617362,0.6204,0.6204,0.6204,0.4424,0.513914,0.5317,0.54708,0.553563,0.5581,0.5581,0.5581,0.4424,0.496629,0.516721,0.531993,0.53735,0.5411,0.5411,0.5411,0.5276,0.543171,0.552379,0.572448,0.574538,0.576,0.576,0.576,0.4404,0.508943,0.522714,0.533534,0.534338,0.5349,0.5349,0.5349,0.4404,0.494814,0.510621,0.52127,0.525288,0.5281,0.5281,0.5281
2026-10-05T22:26:50.149196+00:00,0.4096,0.4827,0.492479,0.50507,0.515088,0.5221,0.5221,0.5221,0.5441,0.558386,0.564807,0.600191,0.612138,0.6205,0.6205,0.6205,0.5053,0.5127,0.512907,0.536057,0.5472,0.555,0.555,0.555,0.4824,0.498114,0.501064,0.518388,0.528513,0.5356,0.5356,0.5356,0.4328,0.505943,0.520614,0.557627,0.563787,0.5681,0.5681,0.5681,0.3986,0.473786,0.494371,0.518868,0.523475,0.5267,0.5267,0.5267,0.4096,0.4706,0.487721,0.511838,0.517462,0.5214,0.5214,0.5214
2026-10-06T02:49:32.988089+00:00,0.4372,0.474571,0.489757,0.503871,0.513729,0.5203,0.5203,0.5203,0.5736,0.534729,0.560557,0.596736,0.606914,0.6137,0.6137,0.6137,0.4675,0.498729,0.515729,0.5359,0.5464,0.5534,0.5534,0.5534,0.4532,0.482157,0.500729,0.518132,0.527293,0.5334,0.5334,0.5334,0.4193,0.495414,0.519557,0.562086,0.571514,0.5778,0.5778,0.5778,0.4193,0.473714,0.4938,0.511132,0.520293,0.5264,0.5264,0.5264,0.431,0.468371,0.488257,0.506964,0.514786,0.52,0.52,0.52
2026-10-06T09:59:59.616753+00:00,0.3517,0.474486,0.496471,0.518661,0.522464,0.525,0.525,0.525,0.4544,0.528514,0.558571,0.6023,0.6113,0.6173,0.6173,0.6173,0.3671,0.491114,0.511829,0.539593,0.548057,0.5537,0.5537,0.5537,0.3517,0.483814,0.501171,0.522975,0.53235,0.5386,0.5386,0.5386,0.4605,0.5097,0.5278,0.551729,0.561371,0.5678,0.5678,0.5678,0.4145,0.477086,0.4955,0.514321,0.523429,0.5295,0.5295,0.5295,0.3883,0.472886,0.491971,0.515857,0.523143,0.528,0.528,0.528
2026-10-06T16:41:54.424034+00:00,0.4287,0.502457,0.510857,0.528279,0.529671,0.5306,0.5306,0.5306,0.5361,0.5545,0.573571,0.603989,0.618936,0.6289,0.6289,0.6289,0.5357,0.524129,0.528486,0.545754,0.553521,0.5587,0.5587,0.5587,0.4352,0.514729,0.523357,0.535039,0.540236,0.5437,0.5437,0.5437,0.4983,0.514657,0.530657,0.559761,0.569564,0.5761,0.5761,0.5761,0.4356,0.501614,0.5077,0.518704,0.528721,0.5354,0.5354,0.5354,0.4391,0.497571,0.503357,0.524464,0.529286,0.5325,0.5325,0.5325
2026-10-06T21:31:54.817098+00:00,0.4001,0.461314,0.483557,0.510707,0.523243,0.5316,0.5316,0.5316,0.5461,0.564743,0.594514,0.622904,0.635921,0.6446,0.6446,0.6446,0.4616,0.4979,0.508229,0.536932,0.555093,0.5672,0.5672,0.5672,0.4263,0.475157,0.493857,0.522414,0.536986,0.5467,0.5467,0.5467,0.4849,0.487086,0.517714,0.540564,0.555886,0.5661,0.5661,0.5661,0.4527,0.463314,0.482614,0.505921,0.521029,0.5311,0.5311,0.5311,0.4008,0.4581,0.479929,0.508454,0.520721,0.5289,0.5289,0.5289
2026-10-07T01:20:49.148430+00:00,0.4482,0.462114,0.473957,0.495787,0.517162,0.5307,0.5307,0.5307,0.5471,0.537971,0.552771,0.58755,0.624193,0.6474,0.6474,0.6474,0.4754,0.4868,0.499993,0.525825,0.548646,0.5631,0.5631,0.5631,0.4613,0.473657,0.486421,0.510463,0.530016,0.5424,0.5424,0.5424,0.4502,0.489171,0.506464,0.53255,0.555907,0.5707,0.5707,0.5707,0.4495,0.468557,0.480464,0.50135,0.521707,0.5346,0.5346,0.5346,0.4486,0.466543,0.478879,0.499163,0.519145,0.5318,0.5318,0.5318
2026-10-07T08:26:44.581835+00:00,0.4831,0.480971,0.477657,0.483175,0.507925,0.5236,0.5236,0.5236,0.5384,0.582571,0.570536,0.583212,0.61798,0.64,0.64,0.64,0.4992,0.502357,0.501014,0.512,0.538143,0.5547,0.5547,0.5547,0.4783,0.484743,0.484871,0.496063,0.52033,0.5357,0.5357,0.5357,0.5874,0.5707,0.54455,0.528738,0.551613,0.5661,0.5661,0.5661,0.517,0.497329,0.493357,0.496025,0.516275,0.5291,0.5291,0.5291,0.5065,0.488943,0.484593,0.488713,0.511052,0.5252,0.5252,0.5252
2026-10-07T16:16:24.097879+00:00,0.4838,0.519657,0.511907,0.503225,0.511475,0.5167,0.5167,0.5167,0.5891,0.617829,0.619929,0.606513,0.626709,0.6395,0.6395,0.6395,0.5148,0.537914,0.537143,0.53115,0.542936,0.5504,0.5504,0.5504,0.4899,0.524657,0.523093,0.514325,0.523861,0.5299,0.5299,0.5299,0.6518,0.597629,0.571407,0.54635,0.557707,0.5649,0.5649,0.5649,0.5213,0.533657,0.522793,0.511338,0.520927,0.527,0.527,0.527,0.49,0.527643,0.515764,0.504537,0.514555,0.5209,0.5209,0.5209
2026-10-07T21:52:14.310163+00:00,0.4729,0.500629,0.497671,0.5018,0.511229,0.5172,0.5172,0.5172,0.5956,0.586829,0.559621,0.580325,0.608718,0.6267,0.6267,0.6267,0.548,0.522057,0.510779,0.525487,0.540863,0.5506,0.5506,0.5506,0.5034,0.505029,0.5021,0.511613,0.52538,0.5341,0.5341,0.5341,0.6965,0.585557,0.554464,0.566138,0.562441,0.5601,0.5601,0.5601,0.5543,0.520329,0.5116,0.515262,0.519388,0.522,0.522,0.522,0.493,0.504114,0.5017,0.504275,0.511454,0.516,0.516,0.516
2026-10-08T01:41:14.099605+00:00,0.5291,0.4913,0.488557,0.496386,0.507957,0.5149,0.5149,0.5149,0.5733,0.534471,0.553543,0.5919,0.608025,0.6177,0.6177,0.6177,0.5459,0.510671,0.511743,0.524871,0.539389,0.5481,0.5481,0.5481,0.5155,0.497671,0.499071,0.508529,0.522136,0.5303,0.5303,0.5303,0.5762,0.5444,0.540171,0.544171,0.553814,0.5596,0.5596,0.5596,0.5328,0.504257,0.503657,0.510543,0.515579,0.5186,0.5186,0.5186,0.5288,0.498886,0.4954,0.499743,0.508529,0.5138,0.5138,0.5138
2026-10-08T08:41:54.413463+00:00,0.548,0.513083,0.513843,0.517471,0.524329,0.5233,0.5233,0.5233,0.6191,0.589567,0.583386,0.598486,0.617629,0.6274,0.6274,0.6274,0.5657,0.530767,0.528843,0.5289,0.544364,0.5461,0.5461,0.5461,0.5621,0.519683,0.518114,0.519143,0.530357,0.5301,0.5301,0.5301,0.7162,0.619217,0.582929,0.575214,0.574536,0.5782,0.5782,0.5782,0.5928,0.542717,0.5274,0.522686,0.527507,0.5313,0.5313,0.5313,0.5792,0.5234,0.508314,0.512986,0.517843,0.5235,0.5235,0.5235
2026-10-08T16:17:05.991999+00:00,0.7057,0.568,0.500414,0.495857,0.511429,0.5086,0.5086,0.5086,0.6553,0.6282,0.586057,0.599157,0.607729,0.6112,0.6112,0.6112,0.6348,0.56575,0.513286,0.528829,0.537614,0.5389,0.5389,0.5389,0.6549,0.560733,0.503214,0.511643,0.52325,0.521,0.521,0.521,0.9087,0.66565,0.5898,0.576271,0.5817,0.5754,0.5754,0.5754,0.8398,0.592667,0.525414,0.5116,0.528457,0.5264,0.5264,0.5264,0.7679,0.58115,0.514543,0.499043,0.516543,0.5132,0.5132,0.5132
2026-10-08T21:55:42.848212+00:00,0.7018,0.57775,0.541886,0.552329,0.53165,0.5222,0.5222,0.5222,0.9133,0.758833,0.699243,0.701757,0.684543,0.6767,0.6767,0.6767,0.8372,0.6298,0.5885,0.600229,0.578621,0.5666,0.5666,0.5666,0.7242,0.602133,0.5602,0.5733,0.552729,0.5454,0.5454,0.5454,1.2172,0.726467,0.645486,0.610657,0.593336,0.5736,0.5736,0.5736,0.7571,0.61655,0.565614,0.562886,0.541171,0.5305,0.5305,0.5305,0.7385,0.587333,0.546429,0.553471,0.531329,0.5222,0.5222,0.5222
2026-10-09T01:55:29.378357+00:00,0.6811,0.5573,0.5484,0.547039,0.532879,0.5262,0.5262,0.5262,0.7436,0.646,0.6677,0.696,0.670607,0.6666,0.6666,0.6666,0.6761,0.5937,0.5747,0.591214,0.577025,0.5681,0.5681,0.5681,0.6724,0.5694,0.5574,0.566421,0.553121,0.5462,0.5462,0.5462,0.8967,0.7053,0.6368,0.608704,0.597289,0.5829,0.5829,0.5829,0.7124,0.595,0.5654,0.561054,0.543589,0.536,0.536,0.536,0.6931,0.577,0.5542,0.550875,0.534168,0.5267,0.5267,0.5267
2026-10-09T08:47:25.694037+00:00,0.5622,0.5226,0.5368,0.548189,0.532436,0.5277,0.5277,0.5277,0.6238,0.5919,0.6717,0.686546,0.683211,0.6704,0.6704,0.6704,0.5594,0.5317,0.5658,0.583325,0.578836,0.5741,0.5741,0.5741,0.5463,0.5249,0.5467,0.562646,0.554539,0.5461,0.5461,0.5461,0.6754,0.5925,0.6087,0.615804,0.602396,0.5908,0.5908,0.5908,0.6012,0.54,0.5529,0.554461,0.542864,0.5391,0.5391,0.5391,0.5761,0.5263,0.5415,0.546154,0.532396,0.5276,0.5276,0.5276
2026-10-09T16:01:33.926082+00:00,0.4302,0.4946,0.5057,0.512536,0.516739,0.5117,0.5117,0.5117,0.5017,0.5455,0.5905,0.636218,0.662139,0.6656,0.6656,0.6656,0.4221,0.5001,0.5281,0.541682,0.557364,0.5536,0.5536,0.5536,0.4004,0.4925,0.513,0.525407,0.535157,0.5303,0.5303,0.5303,0.664,0.6128,0.5492,0.582621,0.592046,0.5762,0.5762,0.5762,0.4601,0.5348,0.5158,0.524604,0.529171,0.5248,0.5248,0.5248,0.4601,0.51,0.5094,0.514939,0.518296,0.5152,0.5152,0.5152
2026-10-09T21:31:38.345231+00:00,0.4069,0.4741,0.4817,0.494014,0.504811,0.5022,0.5022,0.5022,0.5332,0.5745,0.5927,0.608289,0.657418,0.6678,0.6678,0.6678,0.479,0.5078,0.5079,0.523371,0.548507,0.5496,0.5496,0.5496,0.4229,0.4866,0.4901,0.506093,0.5255,0.5255,0.5255,0.5255,0.6846,0.606,0.5898,0.556364,0.579382,0.5707,0.5707,0.5707,0.5375,0.5197,0.5111,0.501986,0.513939,0.5106,0.5106,0.5106,0.4476,0.5006,0.4912,0.4939,0.506429,0.5023,0.5023,0.5023
2026-10-10T01:36:15.021892+00:00,0.3806,0.475186,0.474114,0.482114,0.4885,0.4809,0.4809,0.4809,0.4307,0.570871,0.600871,0.615586,0.652743,0.6608,0.6608,0.6608,0.3812,0.499757,0.503714,0.513593,0.537829,0.538,0.538,0.538,0.3593,0.483357,0.486514,0.495543,0.516286,0.5196,0.5196,0.5196,0.5226,0.580343,0.569414,0.541214,0.559386,0.5507,0.5507,0.5507,0.4051,0.507943,0.4947,0.489921,0.501514,0.4982,0.4982,0.4982,0.3806,0.483714,0.482043,0.481421,0.491643,0.4901,0.4901,0.4901
2026-10-10T08:18:36.035386+00:00,0.3816,0.472257,0.473371,0.482364,0.493571,0.4894,0.4894,0.4894,0.4459,0.566729,0.5997,0.633321,0.661414,0.6585,0.6585,0.6585,0.4129,0.506671,0.510586,0.524893,0.543471,0.5409,0.5409,0.5409,0.3972,0.485357,0.488071,0.500929,0.517857,0.5178,0.5178,0.5178,0.526,0.575743,0.565371,0.544143,0.559229,0.555,0.555,0.555,0.4354,0.506157,0.482257,0.490971,0.502071,0.5011,0.5011,0.5011,0.3961,0.487486,0.472114,0.482429,0.4943,0.4899,0.4899,0.4899
2026-10-10T15:09:55.450311+00:00,0.353,0.4846,0.484886,0.503979,0.518143,0.5126,0.5126,0.5126,0.472,0.517086,0.552886,0.638993,0.669743,0.6666,0.6666,0.6666,0.4004,0.487186,0.507829,0.536971,0.5461,0.5449,0.5449,0.5449,0.3798,0.481171,0.495386,0.514243,0.524914,0.5196,0.5196,0.5196,0.4525,0.5892,0.528586,0.545714,0.575757,0.5745,0.5745,0.5745,0.3515,0.505314,0.493114,0.508036,0.527686,0.5226,0.5226,0.5226,0.353,0.497343,0.485329,0.501793,0.518657,0.515,0.515,0.515
2026-10-10T19:55:43.750019+00:00,0.377,0.517886,0.494629,0.514543,0.519214,0.5155,0.5155,0.5155,0.472,0.540129,0.578457,0.66655,0.674329,0.6685,0.6685,0.6685,0.3972,0.5258,0.5157,0.551879,0.556657,0.5554,0.5554,0.5554,0.377,0.516414,0.5015,0.527386,0.532143,0.5282,0.5282,0.5282,0.4876,0.602043,0.531357,0.551957,0.581486,0.578,0.578,0.578,0.3739,0.536543,0.501071,0.521071,0.532429,0.5294,0.5294,0.5294,0.377,0.523171,0.4951,0.516193,0.5223,0.5187,0.5187,0.5187
